[
  {
    "line": 2,
    "elements": [
      {
        "before": [
          {
            "result": {
              "duration": 5888475764,
              "status": "passed"
            },
            "match": {
              "location": "CucumberHooks.beginSanity()"
            }
          }
        ],
        "line": 21,
        "name": "Create a new Lead",
        "description": "",
        "id": "create-lead;create-a-new-lead;;2",
        "after": [
          {
            "result": {
              "duration": 805415935,
              "status": "passed"
            },
            "match": {
              "location": "CucumberHooks.end()"
            }
          }
        ],
        "type": "scenario",
        "keyword": "Scenario Outline",
        "steps": [
          {
            "result": {
              "duration": 453150965,
              "status": "passed"
            },
            "line": 7,
            "name": "Enter userName DemoSalesManager",
            "match": {
              "arguments": [
                {
                  "val": "DemoSalesManager",
                  "offset": 15
                }
              ],
              "location": "LoginPage.enterUserName(String)"
            },
            "keyword": "Given "
          },
          {
            "result": {
              "duration": 322382532,
              "status": "passed"
            },
            "line": 8,
            "name": "Enter password crmsfa",
            "match": {
              "arguments": [
                {
                  "val": "crmsfa",
                  "offset": 15
                }
              ],
              "location": "LoginPage.enterPassword(String)"
            },
            "keyword": "And "
          },
          {
            "result": {
              "duration": 1005943118,
              "status": "passed"
            },
            "line": 9,
            "name": "click Login",
            "match": {
              "location": "LoginPage.clickLogin()"
            },
            "keyword": "And "
          },
          {
            "result": {
              "duration": 2009833049,
              "status": "passed"
            },
            "line": 10,
            "name": "click CRM/SFA",
            "match": {
              "location": "HomePage.clickCRMSFA()"
            },
            "keyword": "And "
          },
          {
            "result": {
              "duration": 1404096951,
              "status": "passed"
            },
            "line": 11,
            "name": "click Leads",
            "match": {
              "location": "MyHomePage.clickLeadLink()"
            },
            "keyword": "And "
          },
          {
            "result": {
              "duration": 1069760522,
              "status": "passed"
            },
            "line": 12,
            "name": "click Create Lead Link",
            "match": {
              "location": "MyLeadsPage.clickCreateLead()"
            },
            "keyword": "And "
          },
          {
            "result": {
              "duration": 332963386,
              "status": "passed"
            },
            "line": 13,
            "name": "Enter Company Name TL",
            "match": {
              "arguments": [
                {
                  "val": "TL",
                  "offset": 19
                }
              ],
              "location": "CreateLeadPage.enterCompanyName(String)"
            },
            "keyword": "And "
          },
          {
            "result": {
              "duration": 356618604,
              "status": "passed"
            },
            "line": 14,
            "name": "Enter First Name Babu",
            "match": {
              "arguments": [
                {
                  "val": "Babu",
                  "offset": 17
                }
              ],
              "location": "CreateLeadPage.enterFirstName(String)"
            },
            "keyword": "And "
          },
          {
            "result": {
              "duration": 347836945,
              "status": "passed"
            },
            "line": 15,
            "name": "Enter Last Name M",
            "match": {
              "arguments": [
                {
                  "val": "M",
                  "offset": 16
                }
              ],
              "location": "CreateLeadPage.enterLastName(String)"
            },
            "keyword": "And "
          },
          {
            "result": {
              "duration": 1409318831,
              "status": "passed"
            },
            "line": 16,
            "name": "Click Create Lead Button",
            "match": {
              "location": "CreateLeadPage.clickCreateLeadSubmit()"
            },
            "keyword": "And "
          },
          {
            "result": {
              "duration": 283804517,
              "status": "passed"
            },
            "line": 17,
            "name": "Verify First Name Babu",
            "match": {
              "arguments": [
                {
                  "val": "Babu",
                  "offset": 18
                }
              ],
              "location": "ViewLeadPage.verifyFirstName(String)"
            },
            "keyword": "And "
          }
        ],
        "tags": [
          {
            "name": "@Babu"
          },
          {
            "name": "@sanity"
          }
        ]
      },
      {
        "before": [
          {
            "result": {
              "duration": 4783416090,
              "status": "passed"
            },
            "match": {
              "location": "CucumberHooks.beginSanity()"
            }
          }
        ],
        "line": 22,
        "name": "Create a new Lead",
        "description": "",
        "id": "create-lead;create-a-new-lead;;3",
        "after": [
          {
            "result": {
              "duration": 628327528,
              "status": "passed"
            },
            "match": {
              "location": "CucumberHooks.end()"
            }
          }
        ],
        "type": "scenario",
        "keyword": "Scenario Outline",
        "steps": [
          {
            "result": {
              "duration": 339922470,
              "status": "passed"
            },
            "line": 7,
            "name": "Enter userName Democsr",
            "match": {
              "arguments": [
                {
                  "val": "Democsr",
                  "offset": 15
                }
              ],
              "location": "LoginPage.enterUserName(String)"
            },
            "keyword": "Given "
          },
          {
            "result": {
              "duration": 352638696,
              "status": "passed"
            },
            "line": 8,
            "name": "Enter password crmsfa",
            "match": {
              "arguments": [
                {
                  "val": "crmsfa",
                  "offset": 15
                }
              ],
              "location": "LoginPage.enterPassword(String)"
            },
            "keyword": "And "
          },
          {
            "result": {
              "duration": 969530937,
              "status": "passed"
            },
            "line": 9,
            "name": "click Login",
            "match": {
              "location": "LoginPage.clickLogin()"
            },
            "keyword": "And "
          },
          {
            "result": {
              "duration": 1739371766,
              "status": "passed"
            },
            "line": 10,
            "name": "click CRM/SFA",
            "match": {
              "location": "HomePage.clickCRMSFA()"
            },
            "keyword": "And "
          },
          {
            "result": {
              "duration": 1096640051,
              "status": "passed"
            },
            "line": 11,
            "name": "click Leads",
            "match": {
              "location": "MyHomePage.clickLeadLink()"
            },
            "keyword": "And "
          },
          {
            "result": {
              "duration": 1287778403,
              "status": "passed"
            },
            "line": 12,
            "name": "click Create Lead Link",
            "match": {
              "location": "MyLeadsPage.clickCreateLead()"
            },
            "keyword": "And "
          },
          {
            "result": {
              "duration": 341661445,
              "status": "passed"
            },
            "line": 13,
            "name": "Enter Company Name Qeagle",
            "match": {
              "arguments": [
                {
                  "val": "Qeagle",
                  "offset": 19
                }
              ],
              "location": "CreateLeadPage.enterCompanyName(String)"
            },
            "keyword": "And "
          },
          {
            "result": {
              "duration": 351775762,
              "status": "passed"
            },
            "line": 14,
            "name": "Enter First Name Gopi",
            "match": {
              "arguments": [
                {
                  "val": "Gopi",
                  "offset": 17
                }
              ],
              "location": "CreateLeadPage.enterFirstName(String)"
            },
            "keyword": "And "
          },
          {
            "result": {
              "duration": 319495814,
              "status": "passed"
            },
            "line": 15,
            "name": "Enter Last Name J",
            "match": {
              "arguments": [
                {
                  "val": "J",
                  "offset": 16
                }
              ],
              "location": "CreateLeadPage.enterLastName(String)"
            },
            "keyword": "And "
          },
          {
            "result": {
              "duration": 1827618407,
              "status": "passed"
            },
            "line": 16,
            "name": "Click Create Lead Button",
            "match": {
              "location": "CreateLeadPage.clickCreateLeadSubmit()"
            },
            "keyword": "And "
          },
          {
            "result": {
              "duration": 281835994,
              "status": "passed"
            },
            "line": 17,
            "name": "Verify First Name Gopi",
            "match": {
              "arguments": [
                {
                  "val": "Gopi",
                  "offset": 18
                }
              ],
              "location": "ViewLeadPage.verifyFirstName(String)"
            },
            "keyword": "And "
          }
        ],
        "tags": [
          {
            "name": "@Babu"
          },
          {
            "name": "@sanity"
          }
        ]
      }
    ],
    "name": "Create Lead",
    "description": "",
    "id": "create-lead",
    "keyword": "Feature",
    "uri": "src/test/java/features/CreateLead.feature",
    "tags": [
      {
        "name": "@Babu",
        "type": "Tag",
        "location": {
          "line": 1,
          "column": 1
        }
      }
    ]
  }
]